Training_Data,Sample_Name
GSE82191,GSM2186221
GSE82191,GSM2185786
GSE82191,GSM2186026
GSE82191,GSM2185803
GSE82191,GSM2185820
GSE82191,GSM2186074
GSE82191,GSM2186058
GSE82191,GSM2186231
GSE82191,GSM2186281
GSE82191,GSM2186092
GSE82191,GSM2185809
GSE82191,GSM2185804
GSE82191,GSM2185924
GSE82191,GSM2186145
GSE82191,GSM2185872
GSE82191,GSM2185787
GSE82191,GSM2185807
GSE82191,GSM2185825
GSE82191,GSM2186152
GSE82191,GSM2186100
GSE82191,GSM2186126
GSE82191,GSM2186067
GSE82191,GSM2186238
GSE82191,GSM2186063
GSE82191,GSM2185973
GSE82191,GSM2186008
GSE82191,GSM2186209
GSE82191,GSM2186160
GSE82191,GSM2185988
GSE82191,GSM2185884
GSE82191,GSM2186249
GSE82191,GSM2186127
GSE82191,GSM2185893
GSE82191,GSM2185827
GSE82191,GSM2186086
GSE82191,GSM2185883
GSE82191,GSM2185896
GSE82191,GSM2185853
GSE82191,GSM2185777
GSE82191,GSM2185895
GSE82191,GSM2186090
GSE82191,GSM2186283
GSE82191,GSM2185830
GSE82191,GSM2186136
GSE82191,GSM2185950
GSE82191,GSM2186080
GSE82191,GSM2186237
GSE82191,GSM2186097
GSE82191,GSM2186015
GSE82191,GSM2185795
GSE82191,GSM2185971
GSE82191,GSM2185985
GSE82191,GSM2186073
GSE82191,GSM2186088
GSE82191,GSM2186239
GSE82191,GSM2185797
GSE82191,GSM2186173
GSE82191,GSM2186083
GSE82191,GSM2186153
GSE82191,GSM2186004
GSE82191,GSM2185920
GSE82191,GSM2186243
GSE82191,GSM2185913
GSE82191,GSM2186096
GSE82191,GSM2186287
GSE82191,GSM2186056
GSE82191,GSM2185805
GSE82191,GSM2186253
GSE82191,GSM2185856
GSE82191,GSM2186137
GSE82191,GSM2185933
GSE82191,GSM2186104
GSE82191,GSM2185831
GSE82191,GSM2185939
GSE82191,GSM2186225
GSE82191,GSM2186159
GSE82191,GSM2186066
GSE82191,GSM2186188
GSE82191,GSM2186060
GSE82191,GSM2185796
GSE82191,GSM2186042
GSE82191,GSM2185984
GSE82191,GSM2186161
GSE82191,GSM2186132
GSE82191,GSM2186146
GSE82191,GSM2186009
GSE82191,GSM2185917
GSE82191,GSM2186228
GSE82191,GSM2186121
GSE82191,GSM2186166
GSE82191,GSM2186135
GSE82191,GSM2186119
GSE82191,GSM2185886
GSE82191,GSM2186031
GSE82191,GSM2186093
GSE82191,GSM2186163
GSE82191,GSM2186260
GSE82191,GSM2186174
GSE82191,GSM2185882
GSE82191,GSM2186155
GSE82191,GSM2185877
GSE82191,GSM2186187
GSE82191,GSM2186057
GSE82191,GSM2185889
GSE82191,GSM2186269
GSE82191,GSM2186144
GSE82191,GSM2185828
GSE82191,GSM2185869
GSE82191,GSM2186078
GSE82191,GSM2185906
GSE82191,GSM2186154
GSE82191,GSM2186164
GSE82191,GSM2186061
GSE82191,GSM2185829
GSE82191,GSM2186288
GSE82191,GSM2185987
GSE82191,GSM2186273
GSE82191,GSM2186267
GSE82191,GSM2186017
GSE82191,GSM2185911
GSE82191,GSM2186151
GSE82191,GSM2186270
GSE82191,GSM2186071
GSE82191,GSM2186114
GSE82191,GSM2185935
GSE82191,GSM2186229
GSE82191,GSM2186068
GSE82191,GSM2186055
GSE82191,GSM2185941
GSE82191,GSM2186156
GSE82191,GSM2186106
GSE82191,GSM2186278
GSE82191,GSM2186030
GSE82191,GSM2186110
GSE82191,GSM2186034
GSE82191,GSM2186108
GSE82191,GSM2186186
GSE82191,GSM2186177
GSE82191,GSM2186233
GSE82191,GSM2185837
GSE82191,GSM2186180
GSE82191,GSM2185916
GSE82191,GSM2186149
GSE82191,GSM2185864
GSE82191,GSM2185928
GSE82191,GSM2186222
GSE82191,GSM2186013
GSE82191,GSM2186275
GSE82191,GSM2186286
GSE82191,GSM2185826
GSE82191,GSM2186280
GSE82191,GSM2186113
GSE82191,GSM2186169
GSE82191,GSM2185953
GSE82191,GSM2186070
GSE82191,GSM2185929
GSE82191,GSM2186276
GSE82191,GSM2185904
GSE82191,GSM2186048
GSE82191,GSM2186044
GSE82191,GSM2185912
GSE82191,GSM2185925
GSE82191,GSM2185835
GSE82191,GSM2185874
GSE82191,GSM2186051
GSE82191,GSM2185783
GSE82191,GSM2185852
GSE82191,GSM2186095
GSE82191,GSM2186246
GSE82191,GSM2186115
GSE82191,GSM2186025
GSE82191,GSM2185905
GSE82191,GSM2186065
GSE82191,GSM2186141
GSE82191,GSM2186045
GSE82191,GSM2185801
GSE82191,GSM2186028
GSE82191,GSM2186107
GSE82191,GSM2186220
GSE82191,GSM2185914
GSE82191,GSM2185938
GSE82191,GSM2186279
GSE82191,GSM2186033
GSE82191,GSM2186129
GSE82191,GSM2185930
GSE82191,GSM2185915
GSE82191,GSM2185846
GSE82191,GSM2186010
GSE82191,GSM2186282
GSE82191,GSM2185892
GSE82191,GSM2185834
GSE82191,GSM2185952
GSE82191,GSM2186234
GSE82191,GSM2185868
GSE82191,GSM2186142
GSE82191,GSM2186101
GSE82191,GSM2186140
GSE82191,GSM2185839
GSE82191,GSM2185898
GSE82191,GSM2186147
GSE82191,GSM2185824
GSE82191,GSM2185794
GSE82191,GSM2186158
GSE82191,GSM2186041
GSE82191,GSM2185887
GSE82191,GSM2186007
GSE82191,GSM2185879
GSE82191,GSM2186091
GSE82191,GSM2185781
GSE82191,GSM2186245
GSE82191,GSM2186250
GSE82191,GSM2186162
GSE82191,GSM2185860
GSE82191,GSM2186105
GSE82191,GSM2186189
GSE82191,GSM2186182
GSE82191,GSM2185900
GSE82191,GSM2186052
GSE82191,GSM2186261
GSE82191,GSM2186138
GSE82191,GSM2185897
GSE82191,GSM2186191
GSE82191,GSM2186252
GSE82191,GSM2186069
GSE82191,GSM2185799
GSE82191,GSM2186018
GSE82191,GSM2185821
GSE82191,GSM2185942
GSE82191,GSM2186131
GSE82191,GSM2186040
GSE82191,GSM2185806
GSE82191,GSM2186117
GSE82191,GSM2186258
GSE82191,GSM2186284
GSE82191,GSM2185921
GSE82191,GSM2186103
GSE82191,GSM2185943
GSE82191,GSM2186264
GSE82191,GSM2185862
GSE82191,GSM2186242
GSE82191,GSM2185823
GSE82191,GSM2186011
GSE82191,GSM2186157
GSE82191,GSM2185899
GSE82191,GSM2185903
GSE82191,GSM2185851
GSE82191,GSM2186262
GSE82191,GSM2185791
GSE82191,GSM2185894
GSE82191,GSM2186139
GSE82191,GSM2186050
GSE82191,GSM2186062
GSE82191,GSM2185878
GSE82191,GSM2186116
GSE82191,GSM2185832
GSE82191,GSM2186251
GSE82191,GSM2185867
GSE82191,GSM2186235
GSE82191,GSM2185959
GSE82191,GSM2186185
GSE82191,GSM2185822
GSE82191,GSM2185890
GSE82191,GSM2186032
GSE82191,GSM2186143
GSE82191,GSM2186227
GSE82191,GSM2185774
GSE82191,GSM2185865
GSE82191,GSM2186192
GSE82191,GSM2186027
GSE82191,GSM2186183
GSE82191,GSM2186208
GSE82191,GSM2186211
GSE82191,GSM2186215
GSE82191,GSM2186059
GSE82191,GSM2185995
GSE82191,GSM2186266
GSE82191,GSM2186049
GSE82191,GSM2185946
GSE82191,GSM2186128
GSE82191,GSM2185858
GSE82191,GSM2185932
GSE82191,GSM2185848
GSE82191,GSM2185814
GSE82191,GSM2186150
GSE82191,GSM2186256
GSE82191,GSM2186193
GSE82191,GSM2186277
GSE82191,GSM2185788
GSE82191,GSM2186037
GSE82191,GSM2186038
GSE82191,GSM2185793
GSE82191,GSM2185854
GSE82191,GSM2186226
GSE82191,GSM2186005
GSE82191,GSM2186200
GSE82191,GSM2186217
GSE82191,GSM2186202
GSE82191,GSM2185927
GSE82191,GSM2185836
GSE82191,GSM2185844
GSE82191,GSM2185776
GSE82191,GSM2186029
GSE82191,GSM2185937
GSE82191,GSM2186181
GSE82191,GSM2185840
GSE82191,GSM2185918
GSE82191,GSM2185782
GSE82191,GSM2186039
GSE82191,GSM2186047
GSE82191,GSM2186118
GSE82191,GSM2186206
GSE82191,GSM2185792
GSE82191,GSM2186098
GSE82191,GSM2186255
GSE82191,GSM2186072
GSE82191,GSM2186084
GSE82191,GSM2186248
GSE82191,GSM2185850
GSE82191,GSM2186111
GSE82191,GSM2185871
GSE82191,GSM2186001
GSE82191,GSM2186035
GSE82191,GSM2186175
GSE82191,GSM2185910
GSE82191,GSM2186020
GSE82191,GSM2185901
GSE82191,GSM2186087
GSE82191,GSM2185778
GSE82191,GSM2185902
GSE82191,GSM2185817
GSE82191,GSM2186218
GSE82191,GSM2186216
GSE82191,GSM2185964
GSE82191,GSM2185838
GSE82191,GSM2186102
GSE82191,GSM2186268
GSE82191,GSM2185997
GSE82191,GSM2186109
GSE82191,GSM2186002
GSE82191,GSM2185989
GSE82191,GSM2185863
GSE82191,GSM2186124
GSE82191,GSM2185847
GSE82191,GSM2185785
GSE82191,GSM2185909
GSE82191,GSM2186285
GSE82191,GSM2185922
GSE82191,GSM2186122
GSE82191,GSM2186075
GSE82191,GSM2186046
GSE82191,GSM2185841
GSE82191,GSM2185891
GSE82191,GSM2186036
GSE82191,GSM2185944
GSE82191,GSM2185800
GSE82191,GSM2185812
GSE82191,GSM2185954
GSE82191,GSM2185842
GSE82191,GSM2186240
GSE82191,GSM2185936
GSE82191,GSM2185940
GSE82191,GSM2185790
GSE82191,GSM2185798
GSE82191,GSM2186022
GSE82191,GSM2186014
GSE82191,GSM2186224
GSE82191,GSM2185813
GSE82191,GSM2185926
GSE82191,GSM2185808
GSE82191,GSM2186241
GSE82191,GSM2186043
GSE82191,GSM2185990
GSE82191,GSM2186016
GSE82191,GSM2186197
GSE82191,GSM2186213
GSE82191,GSM2185931
GSE82191,GSM2185843
GSE82191,GSM2185907
GSE82191,GSM2186021
GSE82191,GSM2185870
GSE82191,GSM2185845
GSE82191,GSM2186204
GSE82191,GSM2186170
GSE82191,GSM2186053
GSE82191,GSM2185816
GSE82191,GSM2186023
GSE82191,GSM2186148
GSE82191,GSM2185873
GSE82191,GSM2186259
GSE82191,GSM2186198
GSE82191,GSM2185945
GSE82191,GSM2186167
GSE82191,GSM2185875
GSE82191,GSM2186190
GSE82191,GSM2185810
GSE82191,GSM2186134
GSE82191,GSM2185876
GSE82191,GSM2186133
GSE82191,GSM2185784
GSE82191,GSM2185908
GSE82191,GSM2186012
GSE82191,GSM2186079
GSE82191,GSM2186265
GSE82191,GSM2185934
GSE82191,GSM2186064
GSE82191,GSM2186081
GSE82191,GSM2185986
GSE82191,GSM2185951
GSE82191,GSM2186274
GSE82191,GSM2185775
GSE82191,GSM2186120
GSE82191,GSM2186019
GSE82191,GSM2185815
GSE82191,GSM2185857
GSE82191,GSM2186257
GSE82191,GSM2185866
GSE82191,GSM2185859
GSE82191,GSM2185888
GSE82191,GSM2186254
GSE82191,GSM2185885
GSE82191,GSM2186003
GSE82191,GSM2186172
GSE82191,GSM2185881
GSE82191,GSM2186168
GSE82191,GSM2185880
GSE82191,GSM2186165
GSE82191,GSM2185861
GSE82191,GSM2186171
GSE82191,GSM2186236
GSE82191,GSM2186054
GSE82191,GSM2185923
GSE9891,GSM249824
GSE9891,GSM249980
GSE9891,GSM249839
GSE9891,GSM249857
GSE9891,GSM249864
GSE9891,GSM249918
GSE9891,GSM249847
GSE9891,GSM249733
GSE9891,GSM249827
GSE9891,GSM249935
GSE9891,GSM249953
GSE9891,GSM249739
GSE9891,GSM249798
GSE9891,GSM249755
GSE9891,GSM249773
GSE9891,GSM249967
GSE9891,GSM249736
GSE9891,GSM249742
GSE9891,GSM249752
GSE9891,GSM249816
GSE9891,GSM249951
GSE9891,GSM249845
GSE9891,GSM249919
GSE9891,GSM249837
GSE9891,GSM249895
GSE9891,GSM249986
GSE9891,GSM249984
GSE9891,GSM249803
GSE9891,GSM249911
GSE9891,GSM249830
GSE9891,GSM249805
GSE9891,GSM249992
GSE9891,GSM249859
GSE9891,GSM249896
GSE9891,GSM249982
GSE9891,GSM249748
GSE9891,GSM249879
GSE9891,GSM249818
GSE9891,GSM249957
GSE9891,GSM249834
GSE9891,GSM249927
GSE9891,GSM249970
GSE9891,GSM250001
GSE9891,GSM249806
GSE9891,GSM249829
GSE9891,GSM249872
GSE9891,GSM249997
GSE9891,GSM249915
GSE9891,GSM249849
GSE9891,GSM249843
GSE9891,GSM249914
GSE9891,GSM249873
GSE9891,GSM249867
GSE9891,GSM249817
GSE9891,GSM249943
GSE9891,GSM249858
GSE9891,GSM249863
GSE9891,GSM249962
GSE9891,GSM249871
GSE9891,GSM249890
GSE9891,GSM249747
GSE9891,GSM249821
GSE9891,GSM249831
GSE9891,GSM249759
GSE9891,GSM249782
GSE9891,GSM249771
GSE9891,GSM249945
GSE9891,GSM249994
GSE9891,GSM249933
GSE9891,GSM249764
GSE9891,GSM249876
GSE9891,GSM249846
GSE9891,GSM249860
GSE9891,GSM249814
GSE9891,GSM249750
GSE9891,GSM249840
GSE9891,GSM249850
GSE9891,GSM249999
GSE9891,GSM249972
GSE9891,GSM249987
GSE9891,GSM249785
GSE9891,GSM249902
GSE9891,GSM249916
GSE9891,GSM249744
GSE9891,GSM249898
GSE9891,GSM249855
GSE9891,GSM249941
GSE9891,GSM249776
GSE9891,GSM249937
GSE9891,GSM249799
GSE9891,GSM249920
GSE9891,GSM249971
GSE9891,GSM249794
GSE9891,GSM249826
GSE9891,GSM249991
GSE9891,GSM249738
GSE9891,GSM249754
GSE9891,GSM249894
GSE9891,GSM249921
GSE9891,GSM249875
GSE9891,GSM249968
GSE9891,GSM249988
GSE9891,GSM249851
GSE9891,GSM249737
GSE9891,GSM249832
GSE9891,GSM249969
GSE9891,GSM249796
GSE9891,GSM249990
GSE9891,GSM249934
GSE9891,GSM249797
GSE9891,GSM249741
GSE9891,GSM249979
GSE9891,GSM249774
GSE9891,GSM249897
GSE9891,GSM249784
GSE9891,GSM249809
GSE9891,GSM249828
GSE9891,GSM249768
GSE9891,GSM249783
GSE9891,GSM249792
GSE9891,GSM249891
GSE9891,GSM249844
GSE9891,GSM249810
GSE9891,GSM249950
GSE9891,GSM249745
GSE9891,GSM249917
GSE9891,GSM249925
GSE9891,GSM249780
GSE9891,GSM249788
GSE9891,GSM249767
GSE9891,GSM249801
GSE9891,GSM249756
GSE9891,GSM249808
GSE9891,GSM249884
GSE9891,GSM249815
GSE9891,GSM249900
GSE9891,GSM249836
GSE9891,GSM249877
GSE9891,GSM249906
GSE9891,GSM249848
GSE9891,GSM249854
GSE9891,GSM249956
GSE9891,GSM249862
GSE9891,GSM249751
GSE9891,GSM249888
GSE9891,GSM249874
GSE9891,GSM249763
GSE9891,GSM249823
GSE9891,GSM249889
GSE9891,GSM249795
GSE9891,GSM249762
GSE9891,GSM249881
GSE9891,GSM249976
GSE9891,GSM249928
GSE9891,GSM249812
GSE9891,GSM249983
GSE9891,GSM249942
GSE9891,GSM249929
GSE9891,GSM249786
GSE9891,GSM249777
GSE9891,GSM249743
GSE9891,GSM249804
GSE9891,GSM249769
GSE9891,GSM249841
GSE9891,GSM249954
GSE9891,GSM249819
GSE9891,GSM249866
GSE9891,GSM249766
GSE9891,GSM249959
GSE9891,GSM249861
GSE9891,GSM249760
GSE9891,GSM249930
GSE9891,GSM249932
GSE9891,GSM249789
GSE9891,GSM249781
GSE9891,GSM249802
GSE9891,GSM249961
GSE9891,GSM249822
GSE9891,GSM249732
GSE9891,GSM249904
GSE9891,GSM249939
GSE9891,GSM249770
GSE9891,GSM249981
GSE9891,GSM249775
GSE9891,GSM249913
GSE9891,GSM249958
GSE9891,GSM249793
GSE9891,GSM249765
GSE9891,GSM249899
GSE9891,GSM249905
GSE9891,GSM249903
GSE9891,GSM249912
GSE9891,GSM249936
GSE9891,GSM249880
GSE9891,GSM249944
GSE9891,GSM249907
GSE9891,GSM249778
GSE9891,GSM249973
GSE9891,GSM249746
GSE9891,GSM249885
GSE9891,GSM249833
GSE9891,GSM249807
GSE9891,GSM249993
GSE9891,GSM249735
GSE9891,GSM249835
GSE9891,GSM249989
GSE9891,GSM249825
GSE9891,GSM249820
GSE9891,GSM249975
GSE9891,GSM249811
GSE9891,GSM249838
GSE9891,GSM249926
GSE9891,GSM249887
GSE9891,GSM249758
GSE9891,GSM249800
GSE9891,GSM249749
GSE9891,GSM249965
GSE9891,GSM249865
GSE9891,GSM249813
GSE9891,GSM250000
GSE9891,GSM249963
GSE9891,GSM249842
GSE9891,GSM249960
GSE9891,GSM249938
GSE9891,GSM249852
GSE9891,GSM249949
GSE9891,GSM249964
OV3,GSM368667
OV3,GSM368682
OV3,GSM368677
OV3,0193_0000_h133a_M2097.cel
OV3,GSM368726
OV3,0193_0000_h133a_D1837.cel
OV3,GSM368692
OV3,GSM368727
OV3,0074_1776_h133a_1784.cel
OV3,GSM368739
OV3,0074_2019_h133a_1877.cel
OV3,GSM368695
OV3,GSM368730
OV3,0074_2033_h133a_2505.cel
OV3,0074_2397_h133a_1552.cel
OV3,0074_2032_h133a_2673.cel
OV3,0193_0000_h133a_D2098.cel
OV3,GSM746913
OV3,GSM368724
OV3,0193_0000_h133a_M337.cel
OV3,GSM368662
OV3,GSM746873
OV3,0193_0000_h133a_D2603.cel
OV3,GSM746899
OV3,GSM368678
OV3,GSM746887
OV3,0074_1779_h133a_2075.cel
OV3,GSM746866
OV3,0193_0000_h133a_D2576.cel
OV3,GSM368710
OV3,GSM746862
OV3,0193_0000_h133a_M2515.cel
OV3,GSM746875
OV3,GSM746904
OV3,0074_1901_h133a_1590.cel
OV3,0193_0000_h133a_D2776.cel
OV3,0193_0000_h133a_M2729.cel
OV3,GSM368729
OV3,0193_0000_h133a_M3484.cel
OV3,0193_0000_h133a_D2432.cel
OV3,0193_0000_h133a_D2557.cel
OV3,0074_2400_h133a_2895.cel
OV3,GSM368690
OV3,GSM368716
OV3,0074_1831_h133a_1675.cel
OV3,0074_1774_h133a_1451.cel
OV3,0193_0000_h133a_M485.cel
OV3,GSM368740
OV3,0074_1905_h133a_1674.cel
OV3,0074_1908_h133a_2064.cel
OV3,GSM746910
OV3,GSM368723
OV3,GSM746869
OV3,GSM368707
OV3,0193_0000_h133a_D2689.cel
OV3,GSM746885
OV3,0193_0000_h133a_M120.cel
OV3,GSM368704
OV3,0193_0000_h133a_D2421.cel
OV3,0193_0000_h133a_D2727.cel
OV3,GSM746864
OV3,0074_2020_h133a_2046.cel
OV3,0193_0000_h133a_D2342.cel
OV3,GSM368670
OV3,GSM746889
OV3,0074_2031_h133a_2739.cel
OV3,GSM746912
OV3,0193_0000_h133a_M1055.cel
OV3,GSM368674
OV3,0074_1909_h133a_2967.cel
OV3,GSM368705
OV3,GSM368668
OV3,GSM368719
OV3,0193_0000_h133a_M2184.cel
OV3,GSM368671
OV3,GSM746914
OV3,GSM368725
OV3,GSM368734
OV3,GSM368715
OV3,0074_2026_h133a_2802.cel
OV3,GSM746907
OV3,GSM746890
OV3,0074_2021_h133a_2479.cel
OV3,0074_1830_h133a_1665.cel
OV3,0074_1781_h133a_2419.cel
OV3,0193_0000_h133a_M2070.cel
OV3,0074_1833_h133a_2422.cel
OV3,0074_1907_h133a_1929.cel
OV3,0193_0000_h133a_D2648.cel
OV3,GSM368665
OV3,0074_2396_h133a_1913.cel
OV3,GSM368697
OV3,GSM746872
OV3,GSM368728
OV3,0193_0000_h133a_D2572.cel
OV3,GSM746906
OV3,GSM746892
OV3,GSM746867
OV3,GSM368699
OV3,GSM368681
OV3,GSM368680
OV3,GSM368696
OV3,GSM746902
OV3,0074_2029_h133a_2063.cel
OV3,GSM368703
OV3,GSM368737
OV3,GSM746911
OV3,0074_2401_h133a_3018.cel
OV3,GSM746898
OV3,GSM746876
OV3,GSM746863
OV3,0193_0000_h133a_M1572.cel
OV3,0074_1906_h133a_1774.cel
OV3,GSM746871
OV3,0193_0000_h133a_D2733.cel
OV3,0193_0000_h133a_D2433.cel
OV3,0074_1835_h133a_2999.cel
OV3,0074_2003_h133a_2573.cel
OV3,GSM746879
OV3,0193_0000_h133a_M359.cel
OV3,GSM368717
OV3,0074_1780_h133a_2204.cel
OV3,0193_0000_h133a_M2807.cel
OV3,GSM746882
OV3,GSM368693
OV3,GSM368683
OV3,GSM368694
OV3,0074_1778_h133a_1846.cel
OV3,0074_2395_h133a_1447.cel
OV3,GSM368673
OV3,0193_0000_h133a_D2640.cel
OV3,GSM746897
OV3,0193_0000_h133a_M1503.cel
OV3,0074_2399_h133a_3107.cel
OV3,0193_0000_h133a_M810.cel
OV3,GSM746880
OV3,0074_1829_h133a_1615.cel
OV3,0074_1772_h133a_872.cel
OV3,0074_2004_h133a_2849.cel
OV3,GSM746893
OV3,0074_1900_h133a_1504.cel
OV3,GSM368735
OV3,0193_0000_h133a_D2700.cel
OV3,0074_2028_h133a_2424.cel
OV3,GSM368664
OV3,GSM368679
OV3,0193_0000_h133a_D2332.cel
OV3,GSM746916
OV3,0193_0000_h133a_D2726.cel
OV3,GSM368675
OV3,GSM368714
OV3,0193_0000_h133a_D2611.cel
OV3,0193_0000_h133a_M3627.cel
OV3,0074_1834_h133a_2465.cel
OV3,GSM368691
OV3,GSM368721
OV3,GSM746918
OV3,0193_0000_h133a_D2749.cel
OV3,0193_0000_h133a_M5775.cel
OV3,0193_0000_h133a_M444.cel
OV3,0193_0000_h133a_D2560.cel
OV3,GSM746868
OV3,GSM368722
OV3,0193_0000_h133a_M3142.cel
OV3,GSM368698
OV3,GSM368709
OV3,0193_0000_h133a_D1859.cel
OV3,0193_0000_h133a_D2792.cel
OV3,GSM368689
OV3,GSM368731
OV3,GSM368711
OV3,GSM368700
OV3,GSM746886
OV3,GSM368701
OV3,GSM368736
OV3,0074_1775_h133a_1526.cel
OV3,0074_2027_h133a_2542.cel
OV3,GSM368720
OV3,GSM746891
OV3,GSM746900
OV3,GSM746878
OV3,0074_1989_h133a_2198.cel
OV3,GSM368666
OV3,0074_1773_h133a_922.cel
OV3,GSM746915
OV3,0074_1836_h133a_3142.cel
OV3,GSM368732
OV3,0074_1904_h133a_2324.cel
OV3,GSM368685
OV3,0193_0000_h133a_D2738.cel
OV3,GSM368738
OV3,0193_0000_h133a_D2691.cel
OV3,0074_2394_h133a_2476.cel
OV3,0074_2403_h133a_2981.cel
OV3,0074_1777_h133a_1834.cel
OV3,GSM746905
OV3,0193_0000_h133a_M4161.cel
OV3,0193_0000_h133a_D2480.cel
OV3,GSM368713
OV3,0193_0000_h133a_M1390.cel
OV3,0193_0000_h133a_D2559.cel
OV3,0193_0000_h133a_D2575.cel
OV3,0193_0000_h133a_D2208.cel
OV3,0193_0000_h133a_M5668.cel
OV3,0193_0000_h133a_M17.cel
OV3,0074_2402_h133a_3090.cel
OV3,0193_0000_h133a_D2358.cel
OV3,0193_0000_h133a_D1805.cel
OV3,0193_0000_h133a_M3514.cel
OV3,GSM746861
OV3,0074_2398_h133a_1578.cel
OV3,GSM746895
OV3,0193_0000_h133a_M2437.cel
OV3,0074_2030_h133a_1024.cel
OV3,GSM746908
OV3,GSM746877
OV3,GSM368661
OV3,0193_0000_h133a_D2629.cel
OV3,0193_0000_h133a_M1241.cel
OV3,0074_1828_h133a_860.cel
OV3,0193_0000_h133a_M6199.cel
